{
  "scene": "curved",
  "description": "Smooth-curved piece \u2014 tests simplification quality.",
  "board_origin_plane_mm": [
    22.0,
    40.0
  ],
  "board_angle_deg": 0.0,
  "board_width_mm": 165.0,
  "board_height_mm": 120.0,
  "plane_size_mm": [
    330.0,
    210.0
  ],
  "photo_size_px": [
    2400,
    1600
  ],
  "ground_truth_polygon_plane_mm": [
    [
      319.0,
      95.0
    ],
    [
      318.8904561311436,
      97.47202207420004
    ],
    [
      318.5629213098997,
      99.9031431745883
    ],
    [
      318.02066522055674,
      102.25465541642129
    ],
    [
      317.26906887138784,
      104.49210626736924
    ],
    [
      316.31552342711973,
      106.58710699928159
    ],
    [
      315.16929160192603,
      108.51877955235005
    ],
    [
      313.84133456183906,
      110.27475570381631
    ],
    [
      312.3441080175811,
      111.85166926115163
    ],
    [
      310.6913318414024,
      113.25511237905233
    ],
    [
      308.8977381004778,
      114.49905920979703
    ],
    [
      306.97880285270526,
      115.60479201291813
    ],
    [
      304.9504673885755,
      116.5993946597852
    ],
    [
      302.8288548178666,
      117.51390438489392
    ],
    [
      300.62998798764653,
      118.38123310508237
    ],
    [
      298.369514676553,
      119.23398342370365
    ],
    [
      296.06244584051393,
      120.10229073212244
    ],
    [
      293.7229123906634,
      121.01182123848777
    ],
    [
      291.3639455716071,
      121.98204638845348
    ],
    [
      288.99728548635176,
      123.02489755575158
    ],
    [
      286.6332216944652,
      124.14388206648864
    ],
    [
      284.2804691058065,
      125.33371394720173
    ],
    [
      281.9460816187411,
      126.58048191183065
    ],
    [
      279.63540512588736,
      127.86234487745976
    ],
    [
      277.35207065003476,
      129.15071365451618
    ],
    [
      275.09802749657104,
      130.41184829081638
    ],
    [
      272.8736154355445,
      131.60877560864782
    ],
    [
      270.67767407529146,
      132.70341225487323
    ],
    [
      268.50768677880865,
      133.65876623787176
    ],
    [
      266.3599557213238,
      134.4410851920491
    ],
    [
      264.22980400910797,
      135.02182277441437
    ],
    [
      262.11180019018656,
      135.37930546878292
    ],
    [
      260.0,
      135.5
    ],
    [
      257.88819980981344,
      135.37930546878292
    ],
    [
      255.77019599089203,
      135.02182277441437
    ],
    [
      253.64004427867624,
      134.4410851920491
    ],
    [
      251.49231322119135,
      133.65876623787176
    ],
    [
      249.32232592470857,
      132.70341225487323
    ],
    [
      247.12638456445552,
      131.60877560864785
    ],
    [
      244.901972503429,
      130.41184829081638
    ],
    [
      242.6479293499652,
      129.15071365451618
    ],
    [
      240.36459487411267,
      127.86234487745978
    ],
    [
      238.0539183812589,
      126.58048191183065
    ],
    [
      235.7195308941935,
      125.33371394720173
    ],
    [
      233.3667783055348,
      124.14388206648866
    ],
    [
      231.00271451364824,
      123.02489755575158
    ],
    [
      228.63605442839292,
      121.98204638845348
    ],
    [
      226.27708760933655,
      121.01182123848777
    ],
    [
      223.93755415948607,
      120.10229073212244
    ],
    [
      221.630485323447,
      119.23398342370365
    ],
    [
      219.37001201235347,
      118.38123310508237
    ],
    [
      217.17114518213342,
      117.51390438489392
    ],
    [
      215.04953261142452,
      116.5993946597852
    ],
    [
      213.0211971472947,
      115.60479201291813
    ],
    [
      211.10226189952223,
      114.49905920979703
    ],
    [
      209.30866815859756,
      113.25511237905232
    ],
    [
      207.65589198241886,
      111.85166926115163
    ],
    [
      206.15866543816097,
      110.27475570381633
    ],
    [
      204.83070839807394,
      108.51877955235005
    ],
    [
      203.68447657288024,
      106.58710699928159
    ],
    [
      202.73093112861216,
      104.49210626736925
    ],
    [
      201.97933477944326,
      102.25465541642129
    ],
    [
      201.43707869010035,
      99.90314317458831
    ],
    [
      201.1095438688564,
      97.47202207420004
    ],
    [
      201.0,
      95.0
    ],
    [
      201.1095438688564,
      92.52797792579997
    ],
    [
      201.43707869010032,
      90.09685682541169
    ],
    [
      201.97933477944326,
      87.74534458357871
    ],
    [
      202.73093112861216,
      85.50789373263076
    ],
    [
      203.68447657288024,
      83.41289300071843
    ],
    [
      204.83070839807394,
      81.48122044764995
    ],
    [
      206.15866543816097,
      79.72524429618369
    ],
    [
      207.65589198241886,
      78.14833073884837
    ],
    [
      209.30866815859756,
      76.74488762094768
    ],
    [
      211.10226189952223,
      75.50094079020297
    ],
    [
      213.02119714729469,
      74.39520798708187
    ],
    [
      215.04953261142452,
      73.40060534021481
    ],
    [
      217.17114518213342,
      72.48609561510608
    ],
    [
      219.37001201235344,
      71.61876689491763
    ],
    [
      221.63048532344698,
      70.76601657629635
    ],
    [
      223.93755415948607,
      69.89770926787756
    ],
    [
      226.27708760933655,
      68.98817876151224
    ],
    [
      228.6360544283929,
      68.01795361154653
    ],
    [
      231.00271451364827,
      66.97510244424842
    ],
    [
      233.3667783055348,
      65.85611793351136
    ],
    [
      235.7195308941935,
      64.66628605279828
    ],
    [
      238.0539183812589,
      63.41951808816936
    ],
    [
      240.36459487411264,
      62.137655122540245
    ],
    [
      242.64792934996518,
      60.84928634548385
    ],
    [
      244.901972503429,
      59.58815170918361
    ],
    [
      247.12638456445552,
      58.39122439135217
    ],
    [
      249.32232592470854,
      57.29658774512678
    ],
    [
      251.49231322119135,
      56.34123376212825
    ],
    [
      253.6400442786762,
      55.558914807950934
    ],
    [
      255.77019599089203,
      54.978177225585625
    ],
    [
      257.88819980981344,
      54.62069453121709
    ],
    [
      260.0,
      54.5
    ],
    [
      262.1118001901865,
      54.62069453121708
    ],
    [
      264.22980400910797,
      54.978177225585625
    ],
    [
      266.3599557213238,
      55.55891480795093
    ],
    [
      268.50768677880865,
      56.34123376212824
    ],
    [
      270.6776740752914,
      57.29658774512677
    ],
    [
      272.8736154355445,
      58.39122439135216
    ],
    [
      275.098027496571,
      59.5881517091836
    ],
    [
      277.3520706500348,
      60.84928634548383
    ],
    [
      279.63540512588736,
      62.137655122540245
    ],
    [
      281.94608161874106,
      63.419518088169355
    ],
    [
      284.2804691058065,
      64.66628605279826
    ],
    [
      286.6332216944652,
      65.85611793351134
    ],
    [
      288.99728548635176,
      66.9751024442484
    ],
    [
      291.3639455716071,
      68.01795361154652
    ],
    [
      293.72291239066345,
      68.98817876151223
    ],
    [
      296.0624458405139,
      69.89770926787756
    ],
    [
      298.36951467655297,
      70.76601657629635
    ],
    [
      300.62998798764653,
      71.61876689491763
    ],
    [
      302.8288548178666,
      72.48609561510608
    ],
    [
      304.9504673885755,
      73.4006053402148
    ],
    [
      306.97880285270526,
      74.39520798708186
    ],
    [
      308.8977381004778,
      75.50094079020297
    ],
    [
      310.6913318414024,
      76.74488762094765
    ],
    [
      312.3441080175811,
      78.14833073884834
    ],
    [
      313.84133456183906,
      79.72524429618369
    ],
    [
      315.16929160192603,
