{
  "scene": "rotated_board",
  "description": "Board rotated ~30\u00b0 within the plane; piece at arbitrary angle.",
  "board_origin_plane_mm": [
    60.0,
    50.0
  ],
  "board_angle_deg": 30.0,
  "board_width_mm": 165.0,
  "board_height_mm": 120.0,
  "plane_size_mm": [
    360.0,
    260.0
  ],
  "photo_size_px": [
    2400,
    1700
  ],
  "ground_truth_polygon_plane_mm": [
    [
      220.0,
      140.0
    ],
    [
      305.0,
      144.0
    ],
    [
      325.0,
      174.0
    ],
    [
      316.0,
      218.0
    ],
    [
      275.0,
      232.0
    ],
    [
      240.0,
      212.0
    ],
    [
      225.0,
      178.0
    ]
  ],
  "ground_truth_polygon_board_mm": [
    [
      183.5640646055102,
      -2.0577136594005054
    ],
    [
      259.1762239271875,
      -41.09361204426274
    ],
    [
      291.49673200287623,
      -25.112849930729567
    ],
    [
      305.7025033688163,
      17.49226783578571
    ],
    [
      277.19546181365433,
      50.11662348876787
    ],
    [
      236.88457268119896,
      50.29611541307908
    ],
    [
      206.89419162443238,
      28.35125168440817
    ]
  ],
  "image": "rotated_board.png"
}
